name_en,name_zh,country_iso,state_province,latitude,longitude,primary_mineral,secondary_minerals,deposit_type_code,tonnage_mt,tonnage_grade_pct,tonnage_confidence,status,discovery_year,production_start_year,operator_company,mining_method,host_rock_type,host_rock_age_text,tectonic_setting,geological_province,metallogenic_belt,summary_en,data_source,data_quality_score,is_featured,tags,sources_doi,last_verified_date
Chuquicamata,丘基卡马塔,CL,Antofagasta,-22.289444,-68.901111,copper,molybdenum;gold;silver,POR_CUMO,98.0,0.55,NI43-101,production,1899,1915,Codelco,open_pit,Granodiorite porphyry,Eocene-Oligocene,Continental arc,Central Andes,Andean Porphyry Belt,World's largest open-pit copper mine by excavated volume. Classic giant porphyry Cu-Mo deposit.,Codelco annual reports; Sillitoe (2010),5,yes,giant;porphyry;open-pit;supergene-enrichment,10.2113/gsecongeo.105.1.3,2026-01-15
Escondida,,CL,Antofagasta,-24.27222,-69.068275,copper,gold;silver;molybdenum,POR_CUMO,130.0,0.55,JORC,production,1981,1990,BHP (57.5%),open_pit,Granodiorite porphyry,Late Eocene-Early Oligocene,Continental arc,Central Andes,Andean Porphyry Belt,World's largest copper producer by output. Supergene-enriched porphyry Cu deposit.,BHP annual reports; Richards et al. (2001),5,yes,giant;porphyry;open-pit;supergene-enrichment,10.2113/gsecongeo.96.3.779,2026-01-15
El Teniente,埃尔特尼恩特,CL,O'Higgins,-34.083,-70.35,copper,molybdenum;gold;silver,POR_CUMO,95.0,0.63,JORC,production,1819,1905,Codelco,block_caving,Dacite porphyry breccia,Miocene-Pliocene,Continental arc,Central Andes,Andean Porphyry Belt,World's largest underground copper mine. Giant breccia-hosted porphyry Cu-Mo deposit.,Codelco reports; Skewes et al. (2002),5,yes,giant;porphyry;underground;breccia,10.2113/gsecongeo.97.1.89,2026-01-15
Collahuasi,,CL,Tarapaca,-20.983052,-68.673347,copper,molybdenum;silver,POR_CUMO,80.0,0.80,JORC,production,1880,1995,Anglo American/Glencore,open_pit,Granodiorite porphyry,Eocene-Oligocene,Continental arc,Central Andes,Andean Porphyry Belt,One of the largest copper porphyry districts globally. Rosario and Ujina deposits.,Anglo American technical reports,5,no,giant;porphyry;open-pit;andes,,2026-01-15
Los Bronces,,CL,Metropolitan,-33.149265,-70.280914,copper,molybdenum,POR_CUMO,55.0,0.45,JORC,production,1860,,Anglo American,open_pit,Andesite porphyry,Miocene-Pliocene,Continental arc,Central Andes,Andean Porphyry Belt,Giant breccia-hosted porphyry Cu-Mo deposit in central Chile.,Anglo American technical reports,4,no,giant;porphyry;breccia;andes,,2026-01-15
Los Pelambres,,CL,Coquimbo,-31.713889,-70.488889,copper,molybdenum;gold;silver,POR_CUMO,35.0,0.52,JORC,production,1920,1999,Antofagasta Minerals,open_pit,Granodiorite porphyry,Miocene,Continental arc,Central Andes,Andean Porphyry Belt,Major porphyry Cu-Mo deposit in the Eocene-Miocene belt of central Chile.,Antofagasta Minerals reports,4,no,porphyry;open-pit;andes,,2026-01-15
Radomiro Tomic,,CL,Antofagasta,-22.44,-68.91,copper,molybdenum,POR_CUMO,20.0,0.47,JORC,production,1950,1997,Codelco,open_pit,Granodiorite porphyry,Eocene,Continental arc,Central Andes,Andean Porphyry Belt,Porphyry Cu deposit near Chuquicamata. Oxide and sulfide mineralization.,Codelco reports,4,no,porphyry;open-pit;oxide,,2025-12-01
Andina,,CL,Valparaiso,-33.15,-70.25,copper,molybdenum,POR_CUMO,45.0,0.62,JORC,production,1920,1970,Codelco,block_caving,Andesite porphyry,Miocene,Continental arc,Central Andes,Andean Porphyry Belt,Major porphyry Cu-Mo deposit in the Rio Blanco-Los Bronces cluster.,Codelco reports,4,no,porphyry;underground;andes,,2025-12-01
El Abra,,CL,Antofagasta,-21.920556,-68.8325,copper,molybdenum,POR_CUMO,15.0,0.48,JORC,production,1950,1996,Freeport-McMoRan,open_pit,Granodiorite porphyry,Eocene,Continental arc,Central Andes,Andean Porphyry Belt,Supergene-enriched porphyry Cu deposit in the Chuquicamata district.,Freeport-McMoRan reports,4,no,porphyry;open-pit;supergene,,2025-12-01
Escondida Norte,,CL,Antofagasta,-24.2,-69.1,copper,gold;silver,POR_CUMO,25.0,0.40,JORC,production,1998,2005,BHP,open_pit,Andesite porphyry,Late Eocene,Continental arc,Central Andes,Andean Porphyry Belt,Northern extension of the giant Escondida system.,BHP reports,4,no,porphyry;open-pit,,2025-12-01
Spence,,CL,Antofagasta,-22.7833,-69.25,copper,molybdenum,POR_CUMO,8.0,0.50,JORC,production,1996,2006,BHP,open_pit,Diorite porphyry,Paleocene,Continental arc,Central Andes,Andean Porphyry Belt,Supergene-enriched porphyry Cu deposit in northern Chile.,BHP reports,4,no,porphyry;open-pit;supergene,,2025-12-01
Cerro Colorado,,CL,Tarapaca,-20.044722,-69.259722,copper,molybdenum,POR_CUMO,12.0,0.60,JORC,production,1950,1994,BHP,open_pit,Granodiorite porphyry,Paleocene,Continental arc,Central Andes,Andean Porphyry Belt,Porphyry Cu-Mo deposit with exotic copper mineralization.,BHP reports,4,no,porphyry;open-pit;exotic,,2025-12-01
Cerro Verde,,PE,Arequipa,-16.535278,-71.591667,copper,molybdenum,POR_CUMO,40.0,0.38,JORC,production,1868,1976,Freeport-McMoRan,open_pit,Granodiorite porphyry,Paleocene-Eocene,Continental arc,Central Andes,Andean Porphyry Belt,One of Peru's largest copper producers with significant supergene enrichment.,Freeport-McMoRan reports,5,no,giant;porphyry;supergene-enrichment,,2026-01-15
Las Bambas,,PE,Apurimac,-14.07164,-72.33606,copper,gold;molybdenum;silver,POR_CUAU,25.0,0.61,JORC,production,1911,2016,MMG,open_pit,Skarn and porphyry,Eocene-Oligocene,Continental arc,Central Andes,Andean Porphyry Belt,Major skarn-porphyry Cu-Au-Mo system in southern Peru.,MMG technical reports,5,no,giant;skarn;porphyry;andes,,2026-01-15
Antamina,,PE,Ancash,-9.553994,-77.047631,copper,zinc;molybdenum;silver;lead,SKN_CALC,20.0,1.00,JORC,production,1952,2001,Teck/BHP/Glencore/Mitsubishi,open_pit,Limestone and skarn,Miocene,Continental arc,Central Andes,Andean Porphyry Belt,World's largest known skarn deposit with exceptional Cu-Zn grades.,Teck reports; Love et al. (2004),5,no,giant;skarn;calcium;polymetallic,10.2113/gsecongeo.99.2.235,2026-01-15
Quellaveco,,PE,Moquegua,-17.097726,-70.627246,copper,molybdenum,POR_CUMO,15.0,0.47,JORC,production,1950,2022,Anglo American,open_pit,Granodiorite porphyry,Paleocene-Eocene,Continental arc,Central Andes,Andean Porphyry Belt,Major porphyry Cu-Mo deposit in southern Peru; commissioned in 2022.,Anglo American reports,5,no,porphyry;open-pit;andes,,2026-01-15
Cuajone,,PE,Moquegua,-17.045556,-70.707222,copper,molybdenum;silver,POR_CUMO,20.0,0.57,JORC,production,1942,1976,Southern Copper,open_pit,Granodiorite porphyry,Paleocene-Eocene,Continental arc,Central Andes,Andean Porphyry Belt,Major porphyry Cu-Mo deposit operated by Grupo Mexico.,Southern Copper reports,4,no,porphyry;open-pit;andes,,2025-12-01
Toquepala,,PE,Tacna,-17.245252,-70.613077,copper,molybdenum;silver,POR_CUMO,18.0,0.45,JORC,production,1950,1960,Southern Copper,open_pit,Granodiorite porphyry,Paleocene-Eocene,Continental arc,Central Andes,Andean Porphyry Belt,Porphyry Cu-Mo deposit in the Toquepala district; southern Peru.,Southern Copper reports,4,no,porphyry;open-pit;andes,,2025-12-01
Tia Maria,,PE,Arequipa,-17.017,-71.767,copper,molybdenum,POR_CUMO,8.0,0.32,JORC,development,1994,,Southern Copper,open_pit,Diorite porphyry,Paleocene,Continental arc,Central Andes,Andean Porphyry Belt,Greenfield porphyry Cu project in southern Peru. Permitting ongoing.,Southern Copper reports,4,no,porphyry;undeveloped;andes,,2025-12-01
Michiquillay,,PE,Cajamarca,-7.038378,-78.321445,copper,gold;molybdenum,POR_CUAU,15.0,0.45,JORC,development,1950,,Southern Copper,open_pit,Porphyry,Neogene,Continental arc,Central Andes,Andean Porphyry Belt,Large undeveloped porphyry Cu-Au-Mo deposit in northern Peru.,Southern Copper reports,4,no,porphyry;undeveloped;andes,,2025-12-01
Bingham Canyon,,US,Utah,40.531156,-112.12975,copper,gold;molybdenum;silver,POR_CUMO,35.0,0.50,NI43-101,production,1848,1906,Rio Tinto,open_pit,Quartz monzonite porphyry,Eocene (Laramide),Continental arc,Basin and Range,Western US Porphyry Belt,Type example of porphyry Cu system. One of the world's most productive deposits.,Rio Tinto reports; John (2010),5,yes,giant;porphyry;type-example;laramide,10.2113/gsecongeo.105.1.3,2026-01-15
Morenci,,US,Arizona,33.090556,-109.366667,copper,molybdenum,POR_CUMO,28.0,0.26,NI43-101,production,1865,1872,Freeport-McMoRan,open_pit,Granodiorite porphyry,Paleocene-Eocene (Laramide),Continental arc,Basin and Range,Western US Porphyry Belt,Largest copper mine in North America by production. Extensive supergene enrichment.,Freeport-McMoRan reports,5,no,giant;porphyry;supergene-enrichment;laramide,,2026-01-15
Resolution,,US,Arizona,33.303112,-111.10012,copper,molybdenum,POR_CUMO,25.0,1.47,NI43-101,development,1994,,Rio Tinto/BHP,block_caving,Quartz monzonite porphyry,Laramide,Continental arc,Basin and Range,Western US Porphyry Belt,One of the largest undeveloped copper deposits globally. Exceptionally high grade at >1km depth.,Rio Tinto reports,5,no,giant;porphyry;undeveloped;deep;laramide,,2026-01-15
Safford,,US,Arizona,32.85,-109.667,copper,molybdenum,POR_CUMO,10.0,0.30,NI43-101,production,1950,2007,Freeport-McMoRan,open_pit,Quartz monzonite porphyry,Laramide,Continental arc,Basin and Range,Western US Porphyry Belt,Laramide porphyry Cu-Mo system in eastern Arizona.,Freeport-McMoRan reports,4,no,porphyry;open-pit;laramide,,2025-12-01
Bagdad,,US,Arizona,34.587543,-113.241586,copper,molybdenum,POR_CUMO,8.0,0.36,NI43-101,production,1882,,Freeport-McMoRan,open_pit,Quartz monzonite porphyry,Laramide,Continental arc,Basin and Range,Western US Porphyry Belt,Laramide porphyry Cu-Mo deposit in western Arizona.,Freeport-McMoRan reports,4,no,porphyry;open-pit;laramide,,2025-12-01
Sierrita,,US,Arizona,31.871,-111.148,copper,molybdenum;silver,POR_CUMO,10.0,0.25,NI43-101,production,1950,,Freeport-McMoRan,open_pit,Quartz monzonite porphyry,Laramide,Continental arc,Basin and Range,Western US Porphyry Belt,Laramide porphyry Cu-Mo system. Significant molybdenum byproduct.,Freeport-McMoRan reports,4,no,porphyry;open-pit;molybdenum;laramide,,2025-12-01
Mission Complex,,US,Arizona,31.991747,-111.06315,copper,molybdenum;silver,POR_CUMO,8.0,0.25,NI43-101,production,1961,,ASARCO,open_pit,Quartz monzonite porphyry,Laramide,Continental arc,Basin and Range,Western US Porphyry Belt,Laramide porphyry Cu complex in the Sierrita-Mission district.,ASARCO reports,3,no,porphyry;open-pit;laramide,,2025-12-01
Silver Bell,,US,Arizona,32.4,-111.5,copper,molybdenum,POR_CUMO,5.0,0.30,NI43-101,production,1950,,ASARCO,open_pit,Quartz monzonite porphyry,Laramide,Continental arc,Basin and Range,Western US Porphyry Belt,Laramide porphyry Cu deposit northwest of Tucson.,ASARCO reports,3,no,porphyry;open-pit;laramide,,2025-12-01
Pebble,,US,Alaska,59.897222,-155.295278,copper,gold;molybdenum;silver,POR_CUAU,40.0,0.35,NI43-101,exploration,1988,,Northern Dynasty Minerals,,Granodiorite porphyry,Cretaceous,Continental arc,Alaska Range,Alaska Porphyry Belt,One of the world's largest undeveloped Cu-Au-Mo porphyry deposits. Controversial due to Bristol Bay salmon fishery.,Northern Dynasty reports; Lang et al. (2013),5,yes,giant;porphyry;undeveloped;controversial,10.2113/econgeo.108.3.587,2026-01-15
Butte,,US,Montana,46.013151,-112.536508,copper,silver;molybdenum;zinc,POR_CUMO,20.0,0.75,historical,closed,1864,1880,,underground,Quartz monzonite,Laramide,Continental arc,Rocky Mountains,Western US Porphyry Belt,"Historic ""Richest Hill on Earth."" Vein and porphyry Cu-Mo system. Transitioned from underground to open pit.",USGS; Meyer et al. (1968),4,no,historic;porphyry;vein;laramide,,2025-12-01
Yerington,,US,Nevada,39.000408,-119.205479,copper,molybdenum,POR_CUMO,6.0,0.40,historical,closed,1860,1950,,open_pit,Granodiorite porphyry,Jurassic,Continental arc,Basin and Range,Western US Porphyry Belt,Tilted porphyry Cu system exposing complete vertical section. Classic teaching locality.,USGS; Dilles (1987),4,no,porphyry;type-example;jurassic;tilted,10.2113/gsecongeo.82.7.1649,2025-12-01
Highland Valley,海兰瓦利,CA,British Columbia,50.480831,-121.014241,copper,molybdenum,POR_CUMO,15.0,0.34,NI43-101,production,1960,1962,Teck Resources,open_pit,Bethlehem granodiorite,Late Triassic-Early Jurassic,Island arc,Canadian Cordillera,Canadian Porphyry Belt,Canada's largest copper mine. Porphyry Cu-Mo system in the Guichon Creek batholith.,Teck reports,5,no,porphyry;open-pit;canada;triassic-jurassic,,2026-01-15
Galore Creek,,CA,British Columbia,57.125,-131.45,copper,gold;silver,POR_CUAU,12.0,0.50,NI43-101,development,1960,,Teck/Newmont,open_pit,Alkalic porphyry,Late Triassic-Early Jurassic,Island arc,Canadian Cordillera,Canadian Porphyry Belt,Alkalic porphyry Cu-Au deposit in the Stikine terrane of northwestern BC.,Teck reports,4,no,porphyry;alkalic;undeveloped;canada,,2025-12-01
Mount Milligan,,CA,British Columbia,55.126128,-124.026429,copper,gold,POR_CUAU,5.0,0.19,NI43-101,production,1980,2013,Centerra Gold,open_pit,Monzonite porphyry,Early Jurassic,Island arc,Canadian Cordillera,Canadian Porphyry Belt,Alkalic porphyry Cu-Au deposit in central BC. Significant gold credits.,Centerra reports,4,no,porphyry;alkalic;gold-rich;canada,,2025-12-01
Red Chris,,CA,British Columbia,57.736346,-129.753513,copper,gold,POR_CUAU,8.0,0.35,NI43-101,production,1970,2015,Newcrest/Imperial Metals,open_pit,Monzonite porphyry,Late Triassic,Island arc,Canadian Cordillera,Canadian Porphyry Belt,Alkalic porphyry Cu-Au deposit in the Stikine terrane. Newcrest block cave expansion planned.,Newcrest reports,4,no,porphyry;alkalic;canada,,2025-12-01
Copper Mountain,,CA,British Columbia,49.333,-120.533,copper,gold;silver,POR_CUMO,3.0,0.25,NI43-101,production,1880,1972,Hudbay Minerals,open_pit,Granodiorite porphyry,Early Jurassic,Island arc,Canadian Cordillera,Canadian Porphyry Belt,Porphyry Cu-Au deposit in the Princeton area of southern BC.,Hudbay reports,4,no,porphyry;open-pit;canada,,2025-12-01
Cananea,Buenavista del Cobre,MX,Sonora,30.983,-110.3,copper,molybdenum;gold;silver,POR_CUMO,30.0,0.40,JORC,production,1760,1899,Grupo Mexico,open_pit,Quartz monzonite porphyry,Paleocene (Laramide),Continental arc,Sierra Madre Occidental,Western US Porphyry Belt,One of the world's largest porphyry Cu-Mo deposits. Continuous production since 1899.,Grupo Mexico reports; Valencia-Moreno et al. (2006),5,no,giant;porphyry;laramide;mexico,,2026-01-15
La Caridad,,MX,Sonora,30.320611,-109.564934,copper,molybdenum;gold,POR_CUMO,20.0,0.34,JORC,production,1960,1979,Grupo Mexico,open_pit,Quartz monzonite porphyry,Paleocene (Laramide),Continental arc,Sierra Madre Occidental,Western US Porphyry Belt,Major Laramide porphyry Cu-Mo deposit in northern Sonora.,Grupo Mexico reports,4,no,porphyry;laramide;mexico,,2025-12-01
El Arco,,MX,Baja California,28.033333,-113.56666,copper,gold;molybdenum,POR_CUAU,10.0,0.45,JORC,development,1970,,Grupo Mexico,open_pit,Diorite porphyry,Laramide,Continental arc,Baja California,Western US Porphyry Belt,Large undeveloped porphyry Cu-Au deposit in central Baja California.,Grupo Mexico reports,4,no,porphyry;undeveloped;mexico,,2025-12-01
Cobre Panama,,PA,Colon,8.851972,-80.644778,copper,gold;molybdenum;silver,POR_CUAU,18.0,0.36,JORC,suspended,1950,2019,First Quantum Minerals,open_pit,Andesite porphyry,Miocene-Pliocene,Island arc,Central American Arc,Central American Porphyry Belt,One of the largest new copper mines of the 21st century. Operations suspended in 2023.,First Quantum Minerals reports,5,no,giant;porphyry;island-arc;miocene;suspended,,2026-01-15
Kamoa-Kakula,,CD,Lualaba,-10.667,25.033,copper,cobalt;silver,SED_SSC,60.0,3.50,NI43-101,production,2008,2021,Ivanhoe Mines/Zijin Mining,underground,Sandstone and siltstone,Neoproterozoic,Intracratonic rift,Central African Copperbelt,Central African Copperbelt,World's highest-grade major copper deposit. Sediment-hosted stratiform copper.,Ivanhoe Mines reports; Hitzman et al. (2012),5,yes,giant;sediment-hosted;high-grade;copperbelt;stratiform,10.2113/econgeo.107.2.275,2026-01-15
Tenke Fungurume,,CD,Lualaba,-10.568411,26.195633,copper,cobalt,SED_SSC,35.0,2.50,NI43-101,production,1970,2009,CMOC Group,open_pit,Dolomite and shale,Neoproterozoic,Intracratonic rift,Central African Copperbelt,Central African Copperbelt,One of the world's largest sediment-hosted Cu-Co deposits.,Freeport-McMoRan/CMOC reports,5,no,giant;sediment-hosted;cobalt;copperbelt,,2026-01-15
Kipushi,,CD,Haut-Katanga,-11.763654,27.23994,copper,zinc,SED_SSC,8.0,2.00,historical,closed,1920,1925,Ivanhoe Mines,underground,Carbonate rock,Neoproterozoic,Intracratonic rift,Central African Copperbelt,Central African Copperbelt,High-grade Zn-Cu deposit in the DRC Copperbelt. Recently being restarted by Ivanhoe.,Ivanhoe Mines reports,4,no,sediment-hosted;zinc;high-grade;copperbelt,,2025-12-01
Deziwa,,CD,Lualaba,-10.5,25.5,copper,cobalt,SED_SSC,5.0,1.50,NI43-101,production,2010,2019,CNMC/Zijin,open_pit,Sandstone,Neoproterozoic,Intracratonic rift,Central African Copperbelt,Central African Copperbelt,Ecaille D and Ecaille C deposits in the western DRC Copperbelt.,CNMC reports,3,no,sediment-hosted;cobalt;copperbelt,,2025-12-01
Kansanshi,,ZM,North-Western,-12.083471,26.426579,copper,gold,SED_SSC,15.0,0.70,NI43-101,production,1970,2005,First Quantum Minerals,open_pit,Sandstone and shale,Neoproterozoic,Intracratonic rift,Central African Copperbelt,Central African Copperbelt,Africa's largest copper mine by production. Sediment-hosted Cu-Au with significant gold credits.,First Quantum Minerals reports,4,no,sediment-hosted;gold-rich;copperbelt,,2026-01-15
Sentinel (Kalumbila),,ZM,North-Western,-12.280467,25.298472,copper,,SED_SSC,15.0,0.50,NI43-101,production,1990,2015,First Quantum Minerals,open_pit,Sandstone and shale,Neoproterozoic,Intracratonic rift,Central African Copperbelt,Central African Copperbelt,One of Zambia's largest copper mines in the Kalumbila district.,First Quantum Minerals reports,4,no,sediment-hosted;copperbelt,,2026-01-15
Lumwana,,ZM,North-Western,-12.243872,25.864255,copper,uranium;cobalt,IOCG_HEM,10.0,0.55,NI43-101,production,1960,2008,Barrick Gold,open_pit,Schist and gneiss,Neoproterozoic,Intracratonic,Central African Copperbelt,Central African Copperbelt,Metamorphosed sediment-hosted Cu-Co-U deposit in the Mwombezhi Dome.,Barrick reports,4,no,iocg-like;uranium;open-pit;copperbelt,,2025-12-01
Konkola,,ZM,Copperbelt,-12.379563,27.828449,copper,cobalt,SED_SSC,10.0,2.00,NI43-101,production,1950,1957,Vedanta Resources,underground,Shale and sandstone,Neoproterozoic,Intracratonic rift,Central African Copperbelt,Central African Copperbelt,High-grade underground Cu-Co mine in the Zambian Copperbelt.,Vedanta reports,4,no,sediment-hosted;underground;high-grade;copperbelt,,2025-12-01
Nchanga,,ZM,Copperbelt,-12.513056,27.854167,copper,cobalt,SED_SSC,8.0,1.00,NI43-101,production,1925,1930,Vedanta Resources,open_pit;underground,Sandstone,Neoproterozoic,Intracratonic rift,Central African Copperbelt,Central African Copperbelt,One of Zambia's largest producing copper mines. Open pit + underground.,Vedanta reports,4,no,sediment-hosted;copperbelt,,2025-12-01
Mopani (Mufulira+Nkana),,ZM,Copperbelt,-12.55,28.25,copper,cobalt,SED_SSC,12.0,1.50,NI43-101,production,1930,1933,ZCCM-IH,underground,Shale and sandstone,Neoproterozoic,Intracratonic rift,Central African Copperbelt,Central African Copperbelt,Historical Cu-Co mines in the heart of the Zambian Copperbelt.,ZCCM-IH reports,4,no,sediment-hosted;underground;cobalt;copperbelt,,2025-12-01
Grasberg,,ID,Papua,-4.056017,137.113198,copper,gold;silver,POR_CUAU,50.0,1.00,JORC,production,1936,1972,PT Freeport Indonesia,open-pit;block_caving,Diorite porphyry,Pliocene,Island arc collision,Papua Fold Belt,Papua-New Guinea Mineral Belt,One of the world's largest Cu-Au deposits. Transitioning from open pit to block cave.,Freeport-McMoRan reports; Cooke et al. (2005),5,yes,giant;porphyry;skarn;gold-rich;island-arc,10.2113/gsecongeo.100.5.853,2026-01-15
Batu Hijau,,ID,West Nusa Tenggara,-8.965667,116.867245,copper,gold;silver,POR_CUAU,10.0,0.45,JORC,production,1990,2000,Amman Mineral,open_pit,Tonalite porphyry,Pliocene,Island arc,Sunda-Banda Arc,Southeast Asian Porphyry Belt,World-class porphyry Cu-Au deposit on Sumbawa Island.,Amman Mineral reports,4,no,porphyry;gold-rich;island-arc;indonesia,,2025-12-01
Ok Tedi,,PG,Western Province,-5.208035,141.138998,copper,gold;silver,SKN_CALC,10.0,0.65,JORC,production,1968,1984,Ok Tedi Mining Limited,open_pit,Skarn and porphyry,Pliocene,Island arc collision,Papua Fold Belt,Papua-New Guinea Mineral Belt,Large Cu-Au skarn-porphyry system in the Star Mountains of PNG.,OTML reports; van Dongen et al. (2010),4,no,skarn;porphyry;gold-rich;png,,2025-12-01
Panguna,,PG,Bougainville,-6.315131,155.495322,copper,gold;silver,POR_CUAU,10.0,0.40,historical,closed,1960,1972,,open_pit,Diorite porphyry,Pliocene,Island arc,Solomon Islands Arc,Southeast Asian Porphyry Belt,One of the world's largest porphyry Cu-Au deposits. Closed since 1989 due to civil conflict.,RTZ reports; Clark (1990),4,yes,giant;porphyry;closed;conflict;png,,2025-12-01
Frieda River,,PG,East Sepik,-4.7,141.783333,copper,gold;silver,POR_CUAU,12.0,0.40,JORC,development,1970,,PanAust,open_pit,Andesite porphyry,Miocene,Island arc,Papua Fold Belt,Papua-New Guinea Mineral Belt,Large undeveloped porphyry Cu-Au deposit in the Frieda River complex.,PanAust reports,4,no,porphyry;undeveloped;png,,2025-12-01
Tampakan,,PH,South Cotabato,6.475,125.05,copper,gold;molybdenum,POR_CUAU,15.0,0.50,JORC,development,1990,,Sagittarius Mines,open_pit,Diorite porphyry,Pliocene,Island arc,Philippine Mobile Belt,Southeast Asian Porphyry Belt,One of the largest undeveloped Cu-Au deposits in Southeast Asia.,Sagittarius Mines reports,4,no,porphyry;undeveloped;philippines,,2025-12-01
Phu Kham,,LA,Xaisomboun,18.916667,102.933333,copper,gold;silver,POR_CUAU,5.0,0.50,JORC,production,1990,2008,PanAust,open_pit,Diorite porphyry,Permo-Triassic,Island arc,Truong Son Fold Belt,Southeast Asian Porphyry Belt,Porphyry-related Cu-Au deposit in the Truong Son belt of Laos.,PanAust reports,4,no,porphyry;gold-rich;laos,,2025-12-01
Oyu Tolgoi,奥尤陶勒盖,MN,Omnogovi,43.003484,106.852189,copper,gold;silver;molybdenum,POR_CUAU,45.0,0.85,JORC,production,2001,2013,Rio Tinto/Turquoise Hill,block_caving,Basalt and andesite,Devonian,Island arc,Central Asian Orogenic Belt,Central Asian Porphyry Belt,One of the world's largest Cu-Au porphyry systems. Hugo Dummett deposit in block cave production.,Rio Tinto reports; Wainwright et al. (2011),5,yes,giant;porphyry;gold-rich;caob;gobi,10.2113/econgeo.106.5.749,2026-01-15
Tsagaan Suvarga,,MN,Dornogovi,43.866667,108.333333,copper,molybdenum,POR_CUMO,8.0,0.53,JORC,development,1960,,Mongolyn Alt Corporation,open_pit,Granodiorite porphyry,Devonian,Island arc,Central Asian Orogenic Belt,Central Asian Porphyry Belt,Porphyry Cu-Mo deposit in the South Gobi desert. One of Mongolia's largest Cu resources.,MAK reports,3,no,porphyry;undeveloped;mongolia;caob,,2025-12-01
Dexing,德兴铜矿,CN,Jiangxi,29.015622,117.7294,copper,gold;molybdenum;silver,POR_CUMO,15.0,0.43,Chinese classification,production,1950,1969,Jiangxi Copper,open_pit,Granodiorite porphyry,Jurassic,Continental arc,Yangtze Craton,East China Porphyry Belt,China's largest copper mine. Porphyry Cu-Mo-Au system in the Dexing cluster.,Jiangxi Copper reports; Pan et al. (1999),4,no,giant;porphyry;china;jurassic,,2025-12-01
Yulong,玉龙铜矿,CN,Tibet,31.410302,97.730153,copper,molybdenum;gold;silver,POR_CUMO,10.0,0.62,Chinese classification,production,1960,2017,Western Mining,open_pit,Granodiorite porphyry,Eocene,Continental collision,Tibetan Plateau,Tethyan Metallogenic Belt,Porphyry Cu-Mo deposit in the Yulong belt of eastern Tibet. High altitude (>4500m).,Western Mining reports,4,no,porphyry;high-altitude;tibet;china,,2025-12-01
Qulong,,CN,Tibet,29.629444,91.598889,copper,molybdenum;gold,POR_CUMO,12.0,0.38,Chinese classification,development,2000,,Zijin Mining,open_pit,Granodiorite porphyry,Miocene,Continental collision,Tibetan Plateau,Tethyan Metallogenic Belt,Giant porphyry Cu-Mo deposit in the Gangdese belt of southern Tibet.,Zijin reports,4,no,porphyry;undeveloped;tibet;china;gangdese,,2025-12-01
Pulang,普朗铜矿,CN,Yunnan,28.038611,99.989722,copper,gold;molybdenum,POR_CUAU,5.0,0.40,Chinese classification,production,1990,2017,Yunnan Copper,open_pit,Quartz diorite porphyry,Triassic,Island arc,Sanjiang Orogen,Sanjiang Metallogenic Belt,Porphyry Cu-Au deposit in the Zhongdian arc of Yunnan.,Yunnan Copper reports,3,no,porphyry;china;triassic;sanjiang,,2025-12-01
Tongkuangyu,铜矿峪,CN,Shanxi,35.316667,111.666667,copper,gold;molybdenum,POR_CUMO,3.0,0.67,Chinese classification,production,1950,,Zhongtiaoshan Nonferrous Metals,underground,Granodiorite porphyry,Archean-Paleoproterozoic,Craton margin,North China Craton,Zhongtiao Metallogenic Belt,Archean porphyry Cu deposit in the Zhongtiao Mountains. One of China's oldest copper mines.,CGS reports,3,no,porphyry;archean;china;underground,,2025-12-01
Norilsk-Talnakh,,RU,Krasnoyarsk Krai,69.333,88.167,copper,nickel;palladium;platinum;cobalt;gold,MAG,30.0,2.00,Russian classification,production,1920,1935,Nornickel,underground,Norite and gabbro,Permian-Triassic,Large Igneous Province,Siberian Craton,Siberian Traps,World's largest magmatic Ni-Cu-PGE sulfide deposit. Massive sulfides in Siberian Traps intrusions.,Nornickel reports; Naldrett (2010),5,yes,giant;magmatic;nickel;pgm;siberian-traps,10.5382/econgeo.105.3.459,2026-01-15
Udokan,,RU,Zabaykalsky Krai,56.583333,118.5,copper,,SED_SSC,26.0,1.05,Russian classification,development,1949,,Baikal Mining Company,open_pit,Sandstone and siltstone,Paleoproterozoic,Intracratonic rift,Siberian Craton,Udokan-Chiney Belt,Largest undeveloped copper deposit in Russia. Unique Proterozoic sediment-hosted stratiform copper.,Baikal Mining Company reports; USGS,4,no,sediment-hosted;proterozoic;undeveloped;giant,,2026-01-15
Aktogay,,KZ,East Kazakhstan,46.951572,79.864567,copper,molybdenum,POR_CUMO,10.0,0.35,JORC,production,1970,2015,KAZ Minerals,open_pit,Granodiorite porphyry,Carboniferous,Continental arc,Central Asian Orogenic Belt,Central Asian Porphyry Belt,Major porphyry Cu-Mo deposit in the Balkhash-Ili belt of eastern Kazakhstan.,KAZ Minerals reports,4,no,porphyry;open-pit;kazakhstan;caob,,2025-12-01
Bozshakol,,KZ,Pavlodar,51.846901,74.291112,copper,gold;molybdenum,POR_CUAU,10.0,0.35,JORC,production,1930,2016,KAZ Minerals,open_pit,Diorite porphyry,Cambrian-Ordovician,Island arc,Central Asian Orogenic Belt,Central Asian Porphyry Belt,Large porphyry Cu-Au-Mo deposit in the Bozshakol-Chingiz belt.,KAZ Minerals reports,4,no,porphyry;kazakhstan;caob;cambrian,,2025-12-01
Kounrad,,KZ,Karaganda,46.989722,74.987222,copper,molybdenum,POR_CUMO,8.0,0.60,historical,production,1928,1934,Kazakhmys,open_pit,Granodiorite porphyry,Carboniferous,Continental arc,Central Asian Orogenic Belt,Central Asian Porphyry Belt,Historic porphyry Cu deposit in central Kazakhstan. One of the first Soviet-era Cu mines.,Kazakhmys reports,3,no,porphyry;historic;kazakhstan;caob,,2025-12-01
Almalyk (Kalmakyr),,UZ,Tashkent,40.813889,69.646389,copper,gold;molybdenum;silver,POR_CUAU,25.0,0.40,Russian classification,production,1930,1961,Almalyk MMC,open_pit,Granodiorite porphyry,Carboniferous,Continental arc,Tian Shan,Cental Asian Porphyry Belt,One of the largest porphyry Cu-Au-Mo systems in Central Asia. Kalmakyr and Dalneye deposits.,Almalyk MMC reports,4,no,giant;porphyry;uzbekistan;tian-shan,,2026-01-15
Sarcheshmeh,,IR,Kerman,29.945,55.861944,copper,molybdenum;gold;silver,POR_CUMO,20.0,0.65,JORC,production,1960,1979,NICICO,open_pit,Granodiorite porphyry,Miocene,Continental arc,Central Iran,Tethyan Metallogenic Belt,Iran's largest copper mine. Porphyry Cu-Mo deposit in the Kerman belt.,NICICO reports,4,no,porphyry;iran;tethyan;miocene,,2025-12-01
Sungun,,IR,East Azerbaijan,38.701,46.705,copper,molybdenum,POR_CUMO,10.0,0.55,JORC,production,1970,2007,NICICO,open_pit,Granodiorite porphyry,Miocene,Continental collision,Alborz-Azerbaijan,Tethyan Metallogenic Belt,Major porphyry Cu-Mo deposit in the Arasbaran belt of NW Iran.,NICICO reports,3,no,porphyry;iran;tethyan;miocene,,2025-12-01
Reko Diq,,PK,Balochistan,29.122778,62.078889,copper,gold;molybdenum,POR_CUAU,25.0,0.40,JORC,development,1970,,Barrick Gold,open_pit,Quartz diorite porphyry,Miocene,Continental collision,Chagai Arc,Tethyan Metallogenic Belt,One of the world's largest undeveloped Cu-Au porphyry deposits. Long legal dispute resolved in 2022.,Barrick reports,5,yes,giant;porphyry;undeveloped;pakistan;tethyan,,2026-01-15
Olympic Dam,,AU,South Australia,-30.44,136.872778,copper,gold;uranium;silver;rare_earth,IOCG_HEM,80.0,0.80,JORC,production,1975,1988,BHP,underground,Hematite breccia,Mesoproterozoic,Intracratonic,Gawler Craton,Gawler-IOCG Province,Largest uranium deposit and one of largest copper deposits globally. Type example of IOCG.,BHP reports; Ehrig et al. (2012),5,yes,giant;iocg;type-example;uranium;proterozoic,10.2113/econgeo.107.4.601,2026-01-15
Cadia-Ridgeway,,AU,New South Wales,-33.466667,149,copper,gold,POR_CUAU,18.0,0.40,JORC,production,1990,1998,Newmont,block_caving,Quartz monzonite porphyry,Ordovician,Island arc,Macquarie Arc,Lachlan Fold Belt,Australia's largest porphyry Au-Cu system in the Ordovician Macquarie Arc.,Newmont reports; Wilson et al. (2003),5,no,giant;porphyry;gold-rich;ordovician;australia,10.2113/gsecongeo.98.1.1,2026-01-15
Mount Isa Copper,,AU,Queensland,-20.717,139.483,copper,lead;zinc;silver,SED_SSC,10.0,3.00,JORC,production,1923,1953,Glencore,underground,Shale and siltstone,Paleoproterozoic,Intracratonic rift,Mount Isa Inlier,Mount Isa Mineral Province,World-class sediment-hosted Cu-Pb-Zn deposit in Proterozoic rocks.,Glencore reports,4,no,sediment-hosted;underground;proterozoic;australia;isa,,2025-12-01
Ernest Henry,,AU,Queensland,-20.444271,140.705879,copper,gold;magnetite,IOCG_MAG,5.0,0.90,JORC,production,1991,1998,Evolution Mining,underground,Hematite-magnetite breccia,Paleoproterozoic,Intracratonic,Mount Isa Inlier,Cloncurry IOCG Province,Magnetite-rich IOCG deposit in the Cloncurry district.,Evolution Mining reports,4,no,iocg;underground;australia;magnetite,,2025-12-01
Prominent Hill,,AU,South Australia,-29.719444,135.583333,copper,gold;silver,IOCG_HEM,5.0,0.90,JORC,production,2001,2009,OZ Minerals,underground,Hematite breccia,Mesoproterozoic,Intracratonic,Gawler Craton,Gawler-IOCG Province,Hematite-rich IOCG deposit in the Gawler Craton. Now part of BHP.,OZ Minerals (BHP) reports,4,no,iocg;underground;australia;hematite,,2025-12-01
Carrapateena,,AU,South Australia,-31.214444,137.497222,copper,gold;silver,IOCG_HEM,5.0,0.90,JORC,production,2005,2019,OZ Minerals (BHP),block_caving,Hematite breccia,Mesoproterozoic,Intracratonic,Gawler Craton,Gawler-IOCG Province,Deep IOCG deposit in the Gawler Craton. Block cave mining at >500m depth.,OZ Minerals (BHP) reports,4,no,iocg;block-caving;deep;australia,,2025-12-01
Northparkes,,AU,New South Wales,-32.917608,148.049417,copper,gold;silver,POR_CUAU,5.0,0.55,JORC,production,1970,1993,Evolution Mining,block_caving,Quartz monzonite porphyry,Ordovician,Island arc,Macquarie Arc,Lachlan Fold Belt,Porphyry Cu-Au system. Pioneer of block cave mining in Australia.,Evolution Mining reports,4,no,porphyry;block-caving;australia;ordovician,,2025-12-01
KGHM (Lubin-Glogow),卢宾-格沃古夫,PL,Lower Silesia,51.45,16.167,copper,silver;lead;zinc,SED_SSC,40.0,2.00,JORC,production,1957,1968,KGHM Polska Miedz,underground,Shale and sandstone,Permian (Zechstein),Intracratonic basin,Southern Permian Basin,Kupferschiefer Belt,Europe's largest copper district. Type example of reduced-facies SSC (Kupferschiefer type).,KGHM reports; Oszczepalski (1999),5,yes,giant;sediment-hosted;kupferschiefer;silver;permian;poland,10.2113/gsecongeo.94.8.1183,2026-01-15
Mansfeld-Sangerhausen,,DE,Saxony-Anhalt,51.583,11.45,copper,silver,SED_SSC,5.0,1.50,historical,closed,1199,,,,Shale,Permian (Zechstein),Intracratonic basin,Southern Permian Basin,Kupferschiefer Belt,Historic Kupferschiefer Cu-Ag mining district. Mined since medieval times.,USGS; historical records,3,no,sediment-hosted;kupferschiefer;historic;germany,,2025-12-01
White Pine,,US,Michigan,46.75,-89.583,copper,silver,SED_SSC,5.0,1.00,historical,closed,1920,1953,,underground,Shale and sandstone,Neoproterozoic,Intracratonic rift,Midcontinent Rift,Keweenaw Copper District,Sediment-hosted stratiform Cu in the Nonesuch Shale. Keweenaw Peninsula.,USGS; Mauk et al. (1992),3,no,sediment-hosted;historic;midcontinent-rift;keweenaw,,2025-12-01
Kamoto,,CD,Lualaba,-10.714798,25.385542,copper,cobalt,SED_SSC,10.0,4.00,NI43-101,production,1930,,Glencore,underground,Dolomite and shale,Neoproterozoic,Intracratonic rift,Central African Copperbelt,Central African Copperbelt,Exceptionally high-grade Cu-Co deposit in the Kolwezi district.,Glencore reports,4,no,sediment-hosted;high-grade;cobalt;copperbelt,,2025-12-01
Mutanda,,CD,Lualaba,-10.75,25.8,copper,cobalt,SED_SSC,5.0,1.50,NI43-101,production,2000,2010,Glencore,open_pit,Shale and dolomite,Neoproterozoic,Intracratonic rift,Central African Copperbelt,Central African Copperbelt,Major Cu-Co oxide deposit in the Kolwezi district.,Glencore reports,4,no,sediment-hosted;cobalt;oxide;copperbelt,,2025-12-01
Cobre Las Cruces,,ES,Andalusia,37.500556,-6.093333,copper,gold;silver,VMS_BF,5.0,5.00,JORC,production,1990,2009,First Quantum Minerals,open_pit,Volcaniclastic and shale,Mississippian,Back-arc basin,Iberian Pyrite Belt,Iberian Pyrite Belt,High-grade secondary Cu enrichment overlying a VMS deposit in the IPB.,First Quantum Minerals reports,4,no,vms;supergene;high-grade;iberian-pyrite-belt;spain,,2025-12-01
Neves-Corvo,,PT,Alentejo,37.573056,-7.970833,copper,zinc;lead;silver;tin,VMS_BF,8.0,2.50,JORC,production,1977,1988,Somincor (Lundin Mining),underground,Felsic volcanic rocks,Mississippian,Back-arc basin,Iberian Pyrite Belt,Iberian Pyrite Belt,World-class VMS deposit with exceptional Cu-Sn grades in the IPB.,Lundin Mining reports; Carvalho et al. (1999),4,no,vms;underground;tin;high-grade;iberian-pyrite-belt;portugal,,2025-12-01
Rio Tinto,,ES,Andalusia,37.699167,-6.570833,copper,gold;silver;zinc;lead,VMS_BM,5.0,0.80,historical,production,pre-Roman,1873,Atalaya Mining,open_pit,Felsic volcanic rocks,Mississippian,Back-arc basin,Iberian Pyrite Belt,Iberian Pyrite Belt,Historic mining district in the IPB. Type locality for VMS deposits. Mined for >5000 years.,Atalaya Mining reports; Tornos (2006),4,no,vms;historic;type-example;iberian-pyrite-belt;spain,,2025-12-01
Aitik,,SE,Norrbotten,67.0725,20.9575,copper,gold;silver,IOCG_MAG,7.0,0.22,NI43-101,production,1930,1968,Boliden,open_pit,Gneiss and schist,Paleoproterozoic,Craton margin,Fennoscandian Shield,Norrbotten IOCG Province,Europe's largest open-pit copper mine. Low-grade but very large-tonnage IOCG-style deposit.,Boliden reports,4,no,iocg;open-pit;sweden;low-grade;proterozoic,,2025-12-01
Kevitsa,,FI,Lapland,67.693992,26.928048,copper,nickel;gold;platinum,MAG,3.0,0.30,NI43-101,production,1980,2012,Boliden,open_pit,Ultramafic intrusion,Paleoproterozoic,Craton margin,Fennoscandian Shield,Central Lapland Greenstone Belt,Ni-Cu-PGE deposit in a mafic-ultramafic intrusion in Finnish Lapland.,Boliden reports,4,no,magmatic;nickel;pgm;finland;lapland,,2025-12-01
Sossego,,BR,Para,-6.430838,-50.068699,copper,gold,IOCG_HEM,5.0,0.90,JORC,production,1996,2004,Vale,open_pit;underground,Hematite breccia,Archean,Craton margin,Carajas Mineral Province,Carajas IOCG Province,First IOCG discovery in the Carajas province. Magnetite-poor hematite-rich style.,Vale reports,4,no,iocg;brazil;carajas;archean;hematite,,2025-12-01
Salobo,,BR,Para,-5.787839,-50.537411,copper,gold;magnetite,IOCG_MAG,10.0,0.70,JORC,production,1991,2012,Vale,open_pit,Magnetite schist,Archean,Craton margin,Carajas Mineral Province,Carajas IOCG Province,Large-tonnage magnetite-rich IOCG deposit in Carajas. Vale's largest copper operation.,Vale reports,5,no,giant;iocg;brazil;carajas;magnetite;archean,,2026-01-15
Cerro Casale,,CL,Atacama,-27.783333,-69.233333,copper,gold;silver,POR_CUAU,25.0,0.55,JORC,development,1990,,Barrick/Gold Fields,,Diorite porphyry,Miocene,Continental arc,Maricunga Belt,Andean Porphyry Belt,World-class undeveloped Cu-Au porphyry deposit in the Maricunga belt.,Barrick/Gold Fields reports,5,no,giant;porphyry;undeveloped;gold-rich;chile;maricunga,,2026-01-15
Cerro Corona,,PE,Cajamarca,-6.761389,-78.605556,copper,gold,POR_CUAU,5.0,0.45,JORC,production,1990,2008,Gold Fields,open_pit,Diorite porphyry,Miocene,Continental arc,Central Andes,Andean Porphyry Belt,Porphyry Cu-Au deposit in the Hualgayoc district of northern Peru.,Gold Fields reports,4,no,porphyry;gold-rich;peru,,2025-12-01
Candelaria,,CL,Atacama,-27.526505,-70.294627,copper,gold;silver,IOCG_HEM,15.0,0.54,JORC,production,1985,1994,Lundin Mining,open_pit,Andesite and diorite,Early Cretaceous,Back-arc basin,Chilean Iron Belt,Punta del Cobre IOCG Belt,Major IOCG deposit in the Punta del Cobre district of the Chilean Iron Belt.,Lundin Mining reports,5,no,iocg;open-pit;chile;cretaceous,,2026-01-15
Mantos Blancos,,CL,Antofagasta,-23.43272,-70.061524,copper,silver,IOCG_HEM,5.0,0.80,JORC,production,1950,1960,Mantos Copper,open_pit,Andesite,Jurassic,Back-arc basin,Chilean Iron Belt,Chilean IOCG Belt,Vein and disseminated Cu-Ag deposit in the Jurassic volcanic belt of northern Chile.,Mantos Copper reports,3,no,iocg;chile;jurassic,,2025-12-01
Mantoverde,,CL,Atacama,-26.558436,-70.325291,copper,gold,IOCG_HEM,5.0,0.50,JORC,production,1985,1995,Mantos Copper,open_pit,Granodiorite,Early Cretaceous,Back-arc basin,Chilean Iron Belt,Chilean IOCG Belt,IOCG-style Cu-Au deposit in the Atacama region.,Mantos Copper reports,3,no,iocg;chile;cretaceous;atacama,,2025-12-01
Oyu Tolgoi South (Hugo South),,MN,Omnogovi,43.003484,106.852189,copper,gold,POR_CUAU,15.0,0.60,JORC,development,2003,,Rio Tinto/Turquoise Hill,block_caving,Basalt and andesite,Devonian,Island arc,Central Asian Orogenic Belt,Central Asian Porphyry Belt,Southern extension of the Hugo Dummett deposit at Oyu Tolgoi. Currently under development.,Rio Tinto reports,4,no,porphyry;undeveloped;gold-rich;caob;mongolia,,2025-12-01
Khetri,,IN,Rajasthan,28.015,75.775556,copper,,SED_SSC,3.0,1.00,historical,production,ancient,1967,Hindustan Copper,underground,Schist and quartzite,Proterozoic,Craton margin,Aravalli-Delhi Belt,Aravalli Copper Belt,Ancient copper mining district in the Aravalli belt. Mined since Indus Valley Civilization.,Hindustan Copper reports,3,no,sediment-hosted;historic;india;aravalli,,2025-12-01
Malanjkhand,,IN,Madhya Pradesh,22.016667,80.716667,copper,molybdenum;gold,POR_CUMO,3.0,0.83,historical,production,1970,1982,Hindustan Copper,open_pit,Granodiorite,Proterozoic,Craton margin,Central Indian Tectonic Zone,Indian Porphyry Belt,India's largest porphyry Cu-Mo deposit in the Malanjkhand belt.,Hindustan Copper reports,3,no,porphyry;india;proterozoic,,2025-12-01
