name_en,country_iso,state_province,latitude,longitude,primary_mineral,secondary_minerals,deposit_type_code,tonnage_mt,tonnage_grade_pct,tonnage_confidence,status,discovery_year,production_start_year,operator_company,mining_method,host_rock_age_text,tectonic_setting,summary_en,data_source,data_quality_score,tags
Punta del Cobre,CL,Atacama,-27.500,-70.250,copper,"gold;silver",IOCG_HEM,5.0,0.80,JORC,production,1850,1994,Pucobre,underground,Cretaceous,Back-arc basin,IOCG Cu-Au district. Multiple underground mines producing high-grade ore.,Pucobre JORC,4,"iocg;underground;chile;cretaceous"
Tocopilla,CL,Antofagasta,-22.083,-70.200,copper,"gold",IOCG_HEM,3.0,0.60,historical,production,1915,1940,,underground,Jurassic,Back-arc basin,"Historic Cu-Au district. Stratabound mantos in Jurassic andesites. Produced 1915-1998.",USGS MRDS,3,"iocg;underground;historic;chile;jurassic;closed"
Carrera Pinto,CL,Atacama,-27.117,-69.883,copper,"gold;silver",POR_CUMO,2.0,0.40,historical,closed,1950,,open_pit,Eocene,Continental arc,Small porphyry Cu deposit in the Copiapo region. Past-producing.,USGS MRDS,3,"porphyry;historic;chile;eocene;closed"
Domeyko,CL,Atacama,-28.000,-70.500,copper,"silver;gold",IOCG_HEM,2.0,0.50,exploration,1990,,,Cretaceous,Back-arc basin,Cu-Ag exploration project in the Punta del Cobre belt.,USGS MRDS,3,"iocg;exploration;chile;cretaceous"
La Coipa,CL,Atacama,-26.850,-69.250,copper,"gold;silver",EPI_HS,2.0,0.30,historical,closed,1980,Kinross,open_pit,Oligocene-Miocene,Continental arc,High-sulfidation epithermal Au-Ag-Cu deposit. Past-producing.,Kinross reports,4,"epithermal;gold-silver;historic;chile;closed"
Esperanza,CL,Antofagasta,-23.350,-70.083,copper,"gold;silver",POR_CUAU,5.0,0.40,NI43-101,production,2000,2011,Antofagasta Minerals,open_pit,Eocene,Continental arc,Porphyry Cu-Au deposit. Part of Centinela complex with Tesoro pit.,Antofagasta Minerals NI 43-101,5,"porphyry;open-pit;gold-rich;chile"
Tesoro Central,CL,Antofagasta,-23.000,-69.050,copper,"silver",POR_CUMO,3.0,0.35,NI43-101,production,1995,2003,Antofagasta Minerals,open_pit,Permo-Triassic,Continental arc,Exotic copper deposit. SX-EW operation producing high-purity cathodes.,Antofagasta Minerals reports,4,"porphyry;open-pit;exotic;chile"
Lomas Bayas II,CL,Antofagasta,-23.500,-69.500,copper,"molybdenum",POR_CUMO,2.0,0.25,NI43-101,exploration,2005,,,Paleocene,Continental arc,Satellite prospect adjacent to Lomas Bayas mine.,USGS MRDS,3,"porphyry;exploration;chile"
Polo Sur,CL,Antofagasta,-24.250,-70.000,copper,"silver",SED_SSC,2.0,0.50,exploration,2000,,,Jurassic,Back-arc basin,Sediment-hosted Cu-Ag prospect in the Coastal Cordillera.,USGS MRDS,3,"sediment-hosted;exploration;chile"
Los Sulfatos,CL,Metropolitan,-33.250,-70.250,copper,"molybdenum",POR_CUMO,5.0,0.40,NI43-101,exploration,2000,Anglo American,,Miocene-Pliocene,Continental arc,Porphyry Cu-Mo deposit near Los Bronces. Deep sulfide zone.,Anglo American reports,4,"porphyry;exploration;chile;deep"
San Antonio,CL,Metropolitan,-33.250,-70.250,copper,gold,POR_CUAU,3.0,0.35,exploration,1990,,,Miocene,Continental arc,Porphyry Cu-Au prospect in the Rio Blanco-Los Bronces cluster.,USGS MRDS,3,"porphyry;exploration;chile"
El Morro,CL,Atacama,-28.500,-69.500,copper,"gold",POR_CUAU,8.0,0.40,NI43-101,exploration,2000,Teck/Newmont,,Miocene,Continental arc,Porphyry Cu-Au deposit. Merged into NuevaUnion project with Relincho.,Teck NI 43-101,4,"porphyry;exploration;chile;miocene"
Vizcachitas,CL,Valparaiso,-32.500,-70.500,copper,"molybdenum;silver",POR_CUMO,12.0,0.40,NI43-101,development,1990,Los Andes Copper,,Miocene,Continental arc,Large undeveloped porphyry Cu-Mo deposit. One of Chile's largest greenfield resources.,Los Andes Copper NI 43-101,5,"porphyry;development;giant;chile;miocene"
West Wall,CL,Valparaiso,-32.650,-70.250,copper,"molybdenum",POR_CUMO,8.0,0.50,NI43-101,development,2000,Anglo American,block_caving,Miocene-Pliocene,Continental arc,High-grade porphyry breccia. Underground expansion of Andina mine.,Anglo American NI 43-101,5,"porphyry;block-caving;high-grade;chile"
Chuqui Norte,CL,Antofagasta,-22.250,-68.833,copper,"molybdenum;silver",POR_CUMO,5.0,0.40,exploration,2000,Codelco,,Eocene,Continental arc,Northern extension of Chuquicamata system. Deep sulfides under gravel cover.,Codelco reports,4,"porphyry;exploration;chile;deep"
Sierra Aspera,CL,Atacama,-27.500,-70.000,copper,"gold",IOCG_MAG,3.0,0.40,exploration,2005,,,Cretaceous,Back-arc basin,IOCG-style Fe-Cu-Au prospect in the Chilean Iron Belt.,USGS MRDS,3,"iocg;exploration;chile;cretaceous"
Ojos del Salado,CL,Atacama,-27.117,-69.250,copper,"gold;silver",EPI_HS,2.0,0.50,historical,closed,1980,,underground,Oligocene-Miocene,Continental arc,High-sulfidation epithermal Au-Ag-Cu deposit. Past-producing underground.,USGS MRDS,3,"epithermal;historic;chile;closed"
Altamira,CL,Antofagasta,-23.000,-69.500,copper,"silver",POR_CUMO,2.0,0.35,exploration,1995,,,Eocene,Continental arc,Porphyry Cu prospect in the Centinela district.,USGS MRDS,3,"porphyry;exploration;chile"
Santa Catalina,CL,Antofagasta,-23.500,-70.000,copper,"silver;gold",IOCG_HEM,2.0,0.45,exploration,2000,,,Jurassic,Back-arc basin,IOCG-style Cu-Au prospect near Antofagasta.,USGS MRDS,3,"iocg;exploration;chile"
Gaby,CL,Antofagasta,-23.583,-68.833,copper,molybdenum,POR_CUMO,5.0,0.40,exploration,2000,Codelco,,Eocene,Continental arc,Porphyry Cu prospect. Codelco exploration project near Spence.,Codelco reports,4,"porphyry;exploration;chile"
Cerro Blanco,CL,Atacama,-27.000,-69.500,copper,"gold",POR_CUAU,3.0,0.35,exploration,1995,,,Miocene,Continental arc,Porphyry Cu-Au prospect in the Maricunga belt.,USGS MRDS,3,"porphyry;exploration;chile;maricunga"
Inca de Oro,CL,Atacama,-26.750,-69.917,copper,"gold;silver",POR_CUMO,3.0,0.30,exploration,1980,,,Paleocene-Eocene,Continental arc,Porphyry Cu-Mo-Au deposit. PanAust project with oxide and sulfide resources.,PanAust reports,3,"porphyry;exploration;chile"
