name_en,country_iso,state_province,latitude,longitude,primary_mineral,secondary_minerals,deposit_type_code,tonnage_mt,tonnage_grade_pct,status,discovery_year,operator_company,host_rock_age_text,tectonic_setting,summary_en,data_source,data_quality_score,tags
Copper Chief,US,Arizona,34.867,-112.083,copper,"silver;gold",POR_CUMO,3.0,0.45,historical,closed,1870,,Laramide,Continental arc,"Historic porphyry Cu deposit in the Jerome mining district. Past-producing.",USGS MRDS,3,"porphyry;historic;arizona;closed"
Jerome,US,Arizona,34.750,-112.117,copper,"gold;silver;zinc",VMS_BM,3.0,1.50,historical,closed,1876,,Proterozoic,Back-arc basin,"Historic VMS Cu-Au-Zn-Ag district. One of Arizona's richest historic mining camps.",USGS MRDS,4,"vms;historic;arizona;proterozoic;closed"
Bagdad Extension,US,Arizona,34.583,-113.217,copper,molybdenum,POR_CUMO,3.0,0.30,exploration,2000,Freeport-McMoRan,Laramide,Continental arc,"Extension of the Bagdad porphyry Cu-Mo deposit. Exploration drilling.",Freeport-McMoRan,3,"porphyry;exploration;arizona;laramide"
Safford North,US,Arizona,32.900,-109.700,copper,molybdenum,POR_CUMO,3.0,0.25,exploration,2000,Freeport-McMoRan,Laramide,Continental arc,"Northern deposits in the Safford porphyry Cu district.",Freeport-McMoRan,3,"porphyry;exploration;arizona"
Yerington Expansion,US,Nevada,38.983,-119.167,copper,"molybdenum;gold",POR_CUMO,3.0,0.35,development,2000,Quaterra Resources,Jurassic,Continental arc,"Deep porphyry Cu-Mo resource under historic Yerington mine. MacArthur project.",Quaterra Resources,3,"porphyry;development;nevada;jurassic"
Bear,US,Nevada,39.000,-119.500,copper,"molybdenum;silver",POR_CUMO,3.0,0.30,exploration,1970,,Jurassic,Island arc,"Porphyry Cu-Mo deposit in the Yerington district.",USGS MRDS,3,"porphyry;exploration;nevada;jurassic"
Pine Nut,US,Nevada,38.833,-119.417,copper,"silver;gold",POR_CUAU,2.0,0.35,exploration,1990,,Tertiary,Continental arc,"Porphyry Cu-Au prospect in the Pine Nut Mountains.",USGS MRDS,3,"porphyry;exploration;nevada"
Santa Cruz,US,Arizona,31.500,-110.700,copper,"molybdenum;silver",POR_CUMO,3.0,0.30,exploration,1970,,Laramide,Continental arc,"Porphyry Cu-Mo deposit in the Patagonia Mountains.",USGS MRDS,3,"porphyry;exploration;arizona"
Courtland,US,Arizona,31.767,-109.800,copper,"lead;zinc;silver",SKN_CALC,2.0,0.80,historical,closed,1900,,Laramide,Continental arc,"Historic Cu-Pb-Zn skarn district in the Dragoon Mountains.",USGS MRDS,3,"skarn;historic;arizona;closed"
Helvetia,US,Arizona,31.850,-110.783,copper,"silver;zinc",SKN_CALC,2.0,0.80,historical,closed,1875,,Laramide,Continental arc,"Historic skarn Cu-Zn district in the Santa Rita Mountains.",USGS MRDS,3,"skarn;historic;arizona;closed"
Rochester,US,Nevada,40.283,-118.200,copper,"silver;gold",EPI_LS,2.0,0.30,production,1912,Coeur Mining,Tertiary,Continental arc,"Epithermal Ag-Au-Cu deposit. Large open pit heap leach operation.",Coeur Mining,4,"epithermal;open-pit;nevada;silver-gold"
Creede,US,Colorado,37.850,-106.933,copper,"silver;lead;zinc",EPI_LS,2.0,0.30,historical,closed,1889,,Tertiary,Continental arc,"Historic epithermal Ag-Pb-Zn-Cu district. One of Colorado's most famous mining camps.",USGS MRDS,4,"epithermal;historic;colorado;silver;closed"
Leadville,US,Colorado,39.250,-106.283,copper,"silver;lead;zinc;gold",SKN_CALC,3.0,0.50,historical,closed,1860,,Tertiary,Continental arc,"Historic skarn-replacement Ag-Pb-Zn-Cu-Au district. One of America's great mining camps.",USGS MRDS,5,"skarn;historic;colorado;giant;closed"
Tintic,US,Utah,39.933,-112.117,copper,"silver;gold;lead;zinc",SKN_CALC,3.0,0.60,historical,closed,1869,,Tertiary,Continental arc,"Historic skarn Ag-Pb-Zn-Cu-Au district. Tintic Standard mine famous for high-grade ores.",USGS MRDS,4,"skarn;historic;utah;closed"
Park City,US,Utah,40.650,-111.500,copper,"silver;lead;zinc;gold",SKN_CALC,3.0,0.50,historical,closed,1868,,Tertiary,Continental arc,"Historic skarn-replacement Ag-Pb-Zn-Cu-Au district. Major polymetallic producer.",USGS MRDS,4,"skarn;historic;utah;closed"
San Manuel,US,Arizona,32.600,-110.633,copper,"molybdenum;silver",POR_CUMO,8.0,0.60,historical,closed,1942,,open_pit,Laramide,Continental arc,"Historic porphyry Cu-Mo deposit. Major producer 1955-2003. Block cave and open pit.",USGS MRDS,5,"porphyry;historic;arizona;giant;closed"
San Manuel-Kalamazoo,US,Arizona,32.600,-110.633,copper,"molybdenum;silver",POR_CUMO,5.0,0.65,development,1950,,Laramide,Continental arc,"Deep extension of San Manuel porphyry. Kalamazoo orebody under existing workings.",USGS MRDS,4,"porphyry;development;arizona;deep"
Esperanza,US,Arizona,32.583,-110.667,copper,"molybdenum;silver",POR_CUMO,3.0,0.90,historical,closed,1950,,Laramide,Continental arc,"High-grade porphyry Cu breccia pipe. Past-producing adjacent to San Manuel.",USGS MRDS,3,"porphyry;historic;arizona;high-grade;closed"
Christmas,US,Arizona,33.067,-110.750,copper,"gold;silver",SKN_CALC,3.0,1.00,historical,closed,1880,,Laramide,Continental arc,"Historic skarn Cu-Au deposit. Gila County. Past-producing open pit.",USGS MRDS,4,"skarn;historic;arizona;high-grade;closed"
Vekol,US,Arizona,32.750,-112.000,copper,"silver;gold;zinc",SKN_CALC,2.0,0.80,historical,closed,1870,,Laramide,Continental arc,"Historic Cu-Zn skarn district in Pinal County.",USGS MRDS,3,"skarn;historic;arizona;closed"
Empire,US,Idaho,43.000,-114.500,copper,"gold;silver;zinc",VMS_BM,2.0,1.00,exploration,1980,,Cretaceous,Island arc,"VMS Cu-Zn-Au-Ag prospect in the Idaho cobalt belt.",USGS MRDS,3,"vms;exploration;idaho"
Copper Creek,US,Arizona,32.750,-110.500,copper,"molybdenum;silver",POR_CUMO,5.0,0.35,development,1970,Faraday Copper,Laramide,Continental arc,"Porphyry Cu-Mo deposit. Multiple breccia pipes. Development-stage project.",Faraday Copper NI 43-101,4,"porphyry;development;arizona;breccia"
Victoria,US,Nevada,39.500,-115.000,copper,"gold;silver",POR_CUMO,3.0,0.30,exploration,1990,,Jurassic,Continental arc,"Porphyry Cu deposit in the Battle Mountain-Eureka trend.",USGS MRDS,3,"porphyry;exploration;nevada"
Red Hills,US,Texas,30.500,-104.000,copper,"silver;molybdenum",POR_CUMO,3.0,0.30,exploration,1990,,Laramide,Continental arc,"Porphyry Cu-Mo deposit in the Trans-Pecos region of West Texas.",USGS MRDS,3,"porphyry;exploration;texas;laramide"
Ruby Creek,US,Alaska,67.000,-150.000,copper,"silver;gold;cobalt",SED_SSC,3.0,1.00,exploration,1970,,Proterozoic,Craton margin,"Sediment-hosted Cu-Co-Ag deposit in the Brooks Range.",USGS MRDS,3,"sediment-hosted;exploration;alaska"
Bornite,US,Alaska,67.000,-156.000,copper,"cobalt;zinc;silver",SED_SSC,5.0,1.00,development,1950,Trilogy Metals,Devonian,Intracratonic basin,"Sediment-hosted Cu-Co deposit. Part of Upper Kobuk Mineral Projects with Arctic deposit.",Trilogy Metals NI 43-101,4,"sediment-hosted;development;alaska;cobalt"
Arctic,US,Alaska,67.000,-156.000,copper,"zinc;lead;silver;gold",VMS_BM,5.0,2.50,development,1960,Trilogy Metals,Devonian,Back-arc basin,"High-grade VMS Cu-Zn-Pb-Ag deposit. Part of the Ambler mining district.",Trilogy Metals NI 43-101,5,"vms;development;alaska;high-grade;giant"
